Repeat,Model,Contamination,MedInc,HouseAge,AveRooms,AveBedrms,Population,AveOccup,Latitude,Longitude
0,OLS,0.0,0.8543830309268546,0.12254623807840798,-0.29441013447329967,0.3392594905944848,-0.0023077231458300323,-0.04082910308508704,-0.8969288766386653,-0.8698417752417182
0,Ridge,0.0,0.8543267867471532,0.12262397117576157,-0.29421035800993284,0.3390079357063504,-0.0022822059559220054,-0.04083301580936382,-0.8961675853212543,-0.8690707430381663
0,LASSO,0.0,0.8009574381665306,0.12708700893832958,-0.16275931275537456,0.20620745313617975,-0.0,-0.03060176164269008,-0.7901125382833255,-0.7556737928328296
0,Huber,0.0,0.9179849913899426,0.09969089574242848,-0.36274969443556127,0.4086432193811704,0.00919795012345134,-0.35251712906592386,-0.7556787836941884,-0.7519678060845618
1,OLS,0.0,0.8543830309268546,0.12254623807840798,-0.29441013447329967,0.3392594905944848,-0.0023077231458300323,-0.04082910308508704,-0.8969288766386653,-0.8698417752417182
1,Ridge,0.0,0.8543267867471532,0.12262397117576157,-0.29421035800993284,0.3390079357063504,-0.0022822059559220054,-0.04083301580936382,-0.8961675853212543,-0.8690707430381663
1,LASSO,0.0,0.8009574381665306,0.12708700893832958,-0.16275931275537456,0.20620745313617975,-0.0,-0.03060176164269008,-0.7901125382833255,-0.7556737928328296
1,Huber,0.0,0.9179849913899426,0.09969089574242848,-0.36274969443556127,0.4086432193811704,0.00919795012345134,-0.35251712906592386,-0.7556787836941884,-0.7519678060845618
2,OLS,0.0,0.8543830309268546,0.12254623807840798,-0.29441013447329967,0.3392594905944848,-0.0023077231458300323,-0.04082910308508704,-0.8969288766386653,-0.8698417752417182
2,Ridge,0.0,0.8543267867471532,0.12262397117576157,-0.29421035800993284,0.3390079357063504,-0.0022822059559220054,-0.04083301580936382,-0.8961675853212543,-0.8690707430381663
2,LASSO,0.0,0.8009574381665306,0.12708700893832958,-0.16275931275537456,0.20620745313617975,-0.0,-0.03060176164269008,-0.7901125382833255,-0.7556737928328296
2,Huber,0.0,0.9179849913899426,0.09969089574242848,-0.36274969443556127,0.4086432193811704,0.00919795012345134,-0.35251712906592386,-0.7556787836941884,-0.7519678060845618
3,OLS,0.0,0.8543830309268546,0.12254623807840798,-0.29441013447329967,0.3392594905944848,-0.0023077231458300323,-0.04082910308508704,-0.8969288766386653,-0.8698417752417182
3,Ridge,0.0,0.8543267867471532,0.12262397117576157,-0.29421035800993284,0.3390079357063504,-0.0022822059559220054,-0.04083301580936382,-0.8961675853212543,-0.8690707430381663
3,LASSO,0.0,0.8009574381665306,0.12708700893832958,-0.16275931275537456,0.20620745313617975,-0.0,-0.03060176164269008,-0.7901125382833255,-0.7556737928328296
3,Huber,0.0,0.9179849913899426,0.09969089574242848,-0.36274969443556127,0.4086432193811704,0.00919795012345134,-0.35251712906592386,-0.7556787836941884,-0.7519678060845618
4,OLS,0.0,0.8543830309268546,0.12254623807840798,-0.29441013447329967,0.3392594905944848,-0.0023077231458300323,-0.04082910308508704,-0.8969288766386653,-0.8698417752417182
4,Ridge,0.0,0.8543267867471532,0.12262397117576157,-0.29421035800993284,0.3390079357063504,-0.0022822059559220054,-0.04083301580936382,-0.8961675853212543,-0.8690707430381663
4,LASSO,0.0,0.8009574381665306,0.12708700893832958,-0.16275931275537456,0.20620745313617975,-0.0,-0.03060176164269008,-0.7901125382833255,-0.7556737928328296
4,Huber,0.0,0.9179849913899426,0.09969089574242848,-0.36274969443556127,0.4086432193811704,0.00919795012345134,-0.35251712906592386,-0.7556787836941884,-0.7519678060845618
5,OLS,0.0,0.8543830309268546,0.12254623807840798,-0.29441013447329967,0.3392594905944848,-0.0023077231458300323,-0.04082910308508704,-0.8969288766386653,-0.8698417752417182
5,Ridge,0.0,0.8543267867471532,0.12262397117576157,-0.29421035800993284,0.3390079357063504,-0.0022822059559220054,-0.04083301580936382,-0.8961675853212543,-0.8690707430381663
5,LASSO,0.0,0.8009574381665306,0.12708700893832958,-0.16275931275537456,0.20620745313617975,-0.0,-0.03060176164269008,-0.7901125382833255,-0.7556737928328296
5,Huber,0.0,0.9179849913899426,0.09969089574242848,-0.36274969443556127,0.4086432193811704,0.00919795012345134,-0.35251712906592386,-0.7556787836941884,-0.7519678060845618
6,OLS,0.0,0.8543830309268546,0.12254623807840798,-0.29441013447329967,0.3392594905944848,-0.0023077231458300323,-0.04082910308508704,-0.8969288766386653,-0.8698417752417182
6,Ridge,0.0,0.8543267867471532,0.12262397117576157,-0.29421035800993284,0.3390079357063504,-0.0022822059559220054,-0.04083301580936382,-0.8961675853212543,-0.8690707430381663
6,LASSO,0.0,0.8009574381665306,0.12708700893832958,-0.16275931275537456,0.20620745313617975,-0.0,-0.03060176164269008,-0.7901125382833255,-0.7556737928328296
6,Huber,0.0,0.9179849913899426,0.09969089574242848,-0.36274969443556127,0.4086432193811704,0.00919795012345134,-0.35251712906592386,-0.7556787836941884,-0.7519678060845618
7,OLS,0.0,0.8543830309268546,0.12254623807840798,-0.29441013447329967,0.3392594905944848,-0.0023077231458300323,-0.04082910308508704,-0.8969288766386653,-0.8698417752417182
7,Ridge,0.0,0.8543267867471532,0.12262397117576157,-0.29421035800993284,0.3390079357063504,-0.0022822059559220054,-0.04083301580936382,-0.8961675853212543,-0.8690707430381663
7,LASSO,0.0,0.8009574381665306,0.12708700893832958,-0.16275931275537456,0.20620745313617975,-0.0,-0.03060176164269008,-0.7901125382833255,-0.7556737928328296
7,Huber,0.0,0.9179849913899426,0.09969089574242848,-0.36274969443556127,0.4086432193811704,0.00919795012345134,-0.35251712906592386,-0.7556787836941884,-0.7519678060845618
8,OLS,0.0,0.8543830309268546,0.12254623807840798,-0.29441013447329967,0.3392594905944848,-0.0023077231458300323,-0.04082910308508704,-0.8969288766386653,-0.8698417752417182
8,Ridge,0.0,0.8543267867471532,0.12262397117576157,-0.29421035800993284,0.3390079357063504,-0.0022822059559220054,-0.04083301580936382,-0.8961675853212543,-0.8690707430381663
8,LASSO,0.0,0.8009574381665306,0.12708700893832958,-0.16275931275537456,0.20620745313617975,-0.0,-0.03060176164269008,-0.7901125382833255,-0.7556737928328296
8,Huber,0.0,0.9179849913899426,0.09969089574242848,-0.36274969443556127,0.4086432193811704,0.00919795012345134,-0.35251712906592386,-0.7556787836941884,-0.7519678060845618
9,OLS,0.0,0.8543830309268546,0.12254623807840798,-0.29441013447329967,0.3392594905944848,-0.0023077231458300323,-0.04082910308508704,-0.8969288766386653,-0.8698417752417182
9,Ridge,0.0,0.8543267867471532,0.12262397117576157,-0.29421035800993284,0.3390079357063504,-0.0022822059559220054,-0.04083301580936382,-0.8961675853212543,-0.8690707430381663
9,LASSO,0.0,0.8009574381665306,0.12708700893832958,-0.16275931275537456,0.20620745313617975,-0.0,-0.03060176164269008,-0.7901125382833255,-0.7556737928328296
9,Huber,0.0,0.9179849913899426,0.09969089574242848,-0.36274969443556127,0.4086432193811704,0.00919795012345134,-0.35251712906592386,-0.7556787836941884,-0.7519678060845618
10,OLS,0.0,0.8543830309268546,0.12254623807840798,-0.29441013447329967,0.3392594905944848,-0.0023077231458300323,-0.04082910308508704,-0.8969288766386653,-0.8698417752417182
10,Ridge,0.0,0.8543267867471532,0.12262397117576157,-0.29421035800993284,0.3390079357063504,-0.0022822059559220054,-0.04083301580936382,-0.8961675853212543,-0.8690707430381663
10,LASSO,0.0,0.8009574381665306,0.12708700893832958,-0.16275931275537456,0.20620745313617975,-0.0,-0.03060176164269008,-0.7901125382833255,-0.7556737928328296
10,Huber,0.0,0.9179849913899426,0.09969089574242848,-0.36274969443556127,0.4086432193811704,0.00919795012345134,-0.35251712906592386,-0.7556787836941884,-0.7519678060845618
11,OLS,0.0,0.8543830309268546,0.12254623807840798,-0.29441013447329967,0.3392594905944848,-0.0023077231458300323,-0.04082910308508704,-0.8969288766386653,-0.8698417752417182
11,Ridge,0.0,0.8543267867471532,0.12262397117576157,-0.29421035800993284,0.3390079357063504,-0.0022822059559220054,-0.04083301580936382,-0.8961675853212543,-0.8690707430381663
11,LASSO,0.0,0.8009574381665306,0.12708700893832958,-0.16275931275537456,0.20620745313617975,-0.0,-0.03060176164269008,-0.7901125382833255,-0.7556737928328296
11,Huber,0.0,0.9179849913899426,0.09969089574242848,-0.36274969443556127,0.4086432193811704,0.00919795012345134,-0.35251712906592386,-0.7556787836941884,-0.7519678060845618
12,OLS,0.0,0.8543830309268546,0.12254623807840798,-0.29441013447329967,0.3392594905944848,-0.0023077231458300323,-0.04082910308508704,-0.8969288766386653,-0.8698417752417182
12,Ridge,0.0,0.8543267867471532,0.12262397117576157,-0.29421035800993284,0.3390079357063504,-0.0022822059559220054,-0.04083301580936382,-0.8961675853212543,-0.8690707430381663
12,LASSO,0.0,0.8009574381665306,0.12708700893832958,-0.16275931275537456,0.20620745313617975,-0.0,-0.03060176164269008,-0.7901125382833255,-0.7556737928328296
12,Huber,0.0,0.9179849913899426,0.09969089574242848,-0.36274969443556127,0.4086432193811704,0.00919795012345134,-0.35251712906592386,-0.7556787836941884,-0.7519678060845618
13,OLS,0.0,0.8543830309268546,0.12254623807840798,-0.29441013447329967,0.3392594905944848,-0.0023077231458300323,-0.04082910308508704,-0.8969288766386653,-0.8698417752417182
13,Ridge,0.0,0.8543267867471532,0.12262397117576157,-0.29421035800993284,0.3390079357063504,-0.0022822059559220054,-0.04083301580936382,-0.8961675853212543,-0.8690707430381663
13,LASSO,0.0,0.8009574381665306,0.12708700893832958,-0.16275931275537456,0.20620745313617975,-0.0,-0.03060176164269008,-0.7901125382833255,-0.7556737928328296
13,Huber,0.0,0.9179849913899426,0.09969089574242848,-0.36274969443556127,0.4086432193811704,0.00919795012345134,-0.35251712906592386,-0.7556787836941884,-0.7519678060845618
14,OLS,0.0,0.8543830309268546,0.12254623807840798,-0.29441013447329967,0.3392594905944848,-0.0023077231458300323,-0.04082910308508704,-0.8969288766386653,-0.8698417752417182
14,Ridge,0.0,0.8543267867471532,0.12262397117576157,-0.29421035800993284,0.3390079357063504,-0.0022822059559220054,-0.04083301580936382,-0.8961675853212543,-0.8690707430381663
14,LASSO,0.0,0.8009574381665306,0.12708700893832958,-0.16275931275537456,0.20620745313617975,-0.0,-0.03060176164269008,-0.7901125382833255,-0.7556737928328296
14,Huber,0.0,0.9179849913899426,0.09969089574242848,-0.36274969443556127,0.4086432193811704,0.00919795012345134,-0.35251712906592386,-0.7556787836941884,-0.7519678060845618
15,OLS,0.0,0.8543830309268546,0.12254623807840798,-0.29441013447329967,0.3392594905944848,-0.0023077231458300323,-0.04082910308508704,-0.8969288766386653,-0.8698417752417182
15,Ridge,0.0,0.8543267867471532,0.12262397117576157,-0.29421035800993284,0.3390079357063504,-0.0022822059559220054,-0.04083301580936382,-0.8961675853212543,-0.8690707430381663
15,LASSO,0.0,0.8009574381665306,0.12708700893832958,-0.16275931275537456,0.20620745313617975,-0.0,-0.03060176164269008,-0.7901125382833255,-0.7556737928328296
15,Huber,0.0,0.9179849913899426,0.09969089574242848,-0.36274969443556127,0.4086432193811704,0.00919795012345134,-0.35251712906592386,-0.7556787836941884,-0.7519678060845618
16,OLS,0.0,0.8543830309268546,0.12254623807840798,-0.29441013447329967,0.3392594905944848,-0.0023077231458300323,-0.04082910308508704,-0.8969288766386653,-0.8698417752417182
16,Ridge,0.0,0.8543267867471532,0.12262397117576157,-0.29421035800993284,0.3390079357063504,-0.0022822059559220054,-0.04083301580936382,-0.8961675853212543,-0.8690707430381663
16,LASSO,0.0,0.8009574381665306,0.12708700893832958,-0.16275931275537456,0.20620745313617975,-0.0,-0.03060176164269008,-0.7901125382833255,-0.7556737928328296
16,Huber,0.0,0.9179849913899426,0.09969089574242848,-0.36274969443556127,0.4086432193811704,0.00919795012345134,-0.35251712906592386,-0.7556787836941884,-0.7519678060845618
17,OLS,0.0,0.8543830309268546,0.12254623807840798,-0.29441013447329967,0.3392594905944848,-0.0023077231458300323,-0.04082910308508704,-0.8969288766386653,-0.8698417752417182
17,Ridge,0.0,0.8543267867471532,0.12262397117576157,-0.29421035800993284,0.3390079357063504,-0.0022822059559220054,-0.04083301580936382,-0.8961675853212543,-0.8690707430381663
17,LASSO,0.0,0.8009574381665306,0.12708700893832958,-0.16275931275537456,0.20620745313617975,-0.0,-0.03060176164269008,-0.7901125382833255,-0.7556737928328296
17,Huber,0.0,0.9179849913899426,0.09969089574242848,-0.36274969443556127,0.4086432193811704,0.00919795012345134,-0.35251712906592386,-0.7556787836941884,-0.7519678060845618
18,OLS,0.0,0.8543830309268546,0.12254623807840798,-0.29441013447329967,0.3392594905944848,-0.0023077231458300323,-0.04082910308508704,-0.8969288766386653,-0.8698417752417182
18,Ridge,0.0,0.8543267867471532,0.12262397117576157,-0.29421035800993284,0.3390079357063504,-0.0022822059559220054,-0.04083301580936382,-0.8961675853212543,-0.8690707430381663
18,LASSO,0.0,0.8009574381665306,0.12708700893832958,-0.16275931275537456,0.20620745313617975,-0.0,-0.03060176164269008,-0.7901125382833255,-0.7556737928328296
18,Huber,0.0,0.9179849913899426,0.09969089574242848,-0.36274969443556127,0.4086432193811704,0.00919795012345134,-0.35251712906592386,-0.7556787836941884,-0.7519678060845618
19,OLS,0.0,0.8543830309268546,0.12254623807840798,-0.29441013447329967,0.3392594905944848,-0.0023077231458300323,-0.04082910308508704,-0.8969288766386653,-0.8698417752417182
19,Ridge,0.0,0.8543267867471532,0.12262397117576157,-0.29421035800993284,0.3390079357063504,-0.0022822059559220054,-0.04083301580936382,-0.8961675853212543,-0.8690707430381663
19,LASSO,0.0,0.8009574381665306,0.12708700893832958,-0.16275931275537456,0.20620745313617975,-0.0,-0.03060176164269008,-0.7901125382833255,-0.7556737928328296
19,Huber,0.0,0.9179849913899426,0.09969089574242848,-0.36274969443556127,0.4086432193811704,0.00919795012345134,-0.35251712906592386,-0.7556787836941884,-0.7519678060845618
20,OLS,0.0,0.8543830309268546,0.12254623807840798,-0.29441013447329967,0.3392594905944848,-0.0023077231458300323,-0.04082910308508704,-0.8969288766386653,-0.8698417752417182
20,Ridge,0.0,0.8543267867471532,0.12262397117576157,-0.29421035800993284,0.3390079357063504,-0.0022822059559220054,-0.04083301580936382,-0.8961675853212543,-0.8690707430381663
20,LASSO,0.0,0.8009574381665306,0.12708700893832958,-0.16275931275537456,0.20620745313617975,-0.0,-0.03060176164269008,-0.7901125382833255,-0.7556737928328296
20,Huber,0.0,0.9179849913899426,0.09969089574242848,-0.36274969443556127,0.4086432193811704,0.00919795012345134,-0.35251712906592386,-0.7556787836941884,-0.7519678060845618
21,OLS,0.0,0.8543830309268546,0.12254623807840798,-0.29441013447329967,0.3392594905944848,-0.0023077231458300323,-0.04082910308508704,-0.8969288766386653,-0.8698417752417182
21,Ridge,0.0,0.8543267867471532,0.12262397117576157,-0.29421035800993284,0.3390079357063504,-0.0022822059559220054,-0.04083301580936382,-0.8961675853212543,-0.8690707430381663
21,LASSO,0.0,0.8009574381665306,0.12708700893832958,-0.16275931275537456,0.20620745313617975,-0.0,-0.03060176164269008,-0.7901125382833255,-0.7556737928328296
21,Huber,0.0,0.9179849913899426,0.09969089574242848,-0.36274969443556127,0.4086432193811704,0.00919795012345134,-0.35251712906592386,-0.7556787836941884,-0.7519678060845618
22,OLS,0.0,0.8543830309268546,0.12254623807840798,-0.29441013447329967,0.3392594905944848,-0.0023077231458300323,-0.04082910308508704,-0.8969288766386653,-0.8698417752417182
22,Ridge,0.0,0.8543267867471532,0.12262397117576157,-0.29421035800993284,0.3390079357063504,-0.0022822059559220054,-0.04083301580936382,-0.8961675853212543,-0.8690707430381663
22,LASSO,0.0,0.8009574381665306,0.12708700893832958,-0.16275931275537456,0.20620745313617975,-0.0,-0.03060176164269008,-0.7901125382833255,-0.7556737928328296
22,Huber,0.0,0.9179849913899426,0.09969089574242848,-0.36274969443556127,0.4086432193811704,0.00919795012345134,-0.35251712906592386,-0.7556787836941884,-0.7519678060845618
23,OLS,0.0,0.8543830309268546,0.12254623807840798,-0.29441013447329967,0.3392594905944848,-0.0023077231458300323,-0.04082910308508704,-0.8969288766386653,-0.8698417752417182
23,Ridge,0.0,0.8543267867471532,0.12262397117576157,-0.29421035800993284,0.3390079357063504,-0.0022822059559220054,-0.04083301580936382,-0.8961675853212543,-0.8690707430381663
23,LASSO,0.0,0.8009574381665306,0.12708700893832958,-0.16275931275537456,0.20620745313617975,-0.0,-0.03060176164269008,-0.7901125382833255,-0.7556737928328296
23,Huber,0.0,0.9179849913899426,0.09969089574242848,-0.36274969443556127,0.4086432193811704,0.00919795012345134,-0.35251712906592386,-0.7556787836941884,-0.7519678060845618
24,OLS,0.0,0.8543830309268546,0.12254623807840798,-0.29441013447329967,0.3392594905944848,-0.0023077231458300323,-0.04082910308508704,-0.8969288766386653,-0.8698417752417182
24,Ridge,0.0,0.8543267867471532,0.12262397117576157,-0.29421035800993284,0.3390079357063504,-0.0022822059559220054,-0.04083301580936382,-0.8961675853212543,-0.8690707430381663
24,LASSO,0.0,0.8009574381665306,0.12708700893832958,-0.16275931275537456,0.20620745313617975,-0.0,-0.03060176164269008,-0.7901125382833255,-0.7556737928328296
24,Huber,0.0,0.9179849913899426,0.09969089574242848,-0.36274969443556127,0.4086432193811704,0.00919795012345134,-0.35251712906592386,-0.7556787836941884,-0.7519678060845618
25,OLS,0.0,0.8543830309268546,0.12254623807840798,-0.29441013447329967,0.3392594905944848,-0.0023077231458300323,-0.04082910308508704,-0.8969288766386653,-0.8698417752417182
25,Ridge,0.0,0.8543267867471532,0.12262397117576157,-0.29421035800993284,0.3390079357063504,-0.0022822059559220054,-0.04083301580936382,-0.8961675853212543,-0.8690707430381663
25,LASSO,0.0,0.8009574381665306,0.12708700893832958,-0.16275931275537456,0.20620745313617975,-0.0,-0.03060176164269008,-0.7901125382833255,-0.7556737928328296
25,Huber,0.0,0.9179849913899426,0.09969089574242848,-0.36274969443556127,0.4086432193811704,0.00919795012345134,-0.35251712906592386,-0.7556787836941884,-0.7519678060845618
26,OLS,0.0,0.8543830309268546,0.12254623807840798,-0.29441013447329967,0.3392594905944848,-0.0023077231458300323,-0.04082910308508704,-0.8969288766386653,-0.8698417752417182
26,Ridge,0.0,0.8543267867471532,0.12262397117576157,-0.29421035800993284,0.3390079357063504,-0.0022822059559220054,-0.04083301580936382,-0.8961675853212543,-0.8690707430381663
26,LASSO,0.0,0.8009574381665306,0.12708700893832958,-0.16275931275537456,0.20620745313617975,-0.0,-0.03060176164269008,-0.7901125382833255,-0.7556737928328296
26,Huber,0.0,0.9179849913899426,0.09969089574242848,-0.36274969443556127,0.4086432193811704,0.00919795012345134,-0.35251712906592386,-0.7556787836941884,-0.7519678060845618
27,OLS,0.0,0.8543830309268546,0.12254623807840798,-0.29441013447329967,0.3392594905944848,-0.0023077231458300323,-0.04082910308508704,-0.8969288766386653,-0.8698417752417182
27,Ridge,0.0,0.8543267867471532,0.12262397117576157,-0.29421035800993284,0.3390079357063504,-0.0022822059559220054,-0.04083301580936382,-0.8961675853212543,-0.8690707430381663
27,LASSO,0.0,0.8009574381665306,0.12708700893832958,-0.16275931275537456,0.20620745313617975,-0.0,-0.03060176164269008,-0.7901125382833255,-0.7556737928328296
27,Huber,0.0,0.9179849913899426,0.09969089574242848,-0.36274969443556127,0.4086432193811704,0.00919795012345134,-0.35251712906592386,-0.7556787836941884,-0.7519678060845618
28,OLS,0.0,0.8543830309268546,0.12254623807840798,-0.29441013447329967,0.3392594905944848,-0.0023077231458300323,-0.04082910308508704,-0.8969288766386653,-0.8698417752417182
28,Ridge,0.0,0.8543267867471532,0.12262397117576157,-0.29421035800993284,0.3390079357063504,-0.0022822059559220054,-0.04083301580936382,-0.8961675853212543,-0.8690707430381663
28,LASSO,0.0,0.8009574381665306,0.12708700893832958,-0.16275931275537456,0.20620745313617975,-0.0,-0.03060176164269008,-0.7901125382833255,-0.7556737928328296
28,Huber,0.0,0.9179849913899426,0.09969089574242848,-0.36274969443556127,0.4086432193811704,0.00919795012345134,-0.35251712906592386,-0.7556787836941884,-0.7519678060845618
29,OLS,0.0,0.8543830309268546,0.12254623807840798,-0.29441013447329967,0.3392594905944848,-0.0023077231458300323,-0.04082910308508704,-0.8969288766386653,-0.8698417752417182
29,Ridge,0.0,0.8543267867471532,0.12262397117576157,-0.29421035800993284,0.3390079357063504,-0.0022822059559220054,-0.04083301580936382,-0.8961675853212543,-0.8690707430381663
29,LASSO,0.0,0.8009574381665306,0.12708700893832958,-0.16275931275537456,0.20620745313617975,-0.0,-0.03060176164269008,-0.7901125382833255,-0.7556737928328296
29,Huber,0.0,0.9179849913899426,0.09969089574242848,-0.36274969443556127,0.4086432193811704,0.00919795012345134,-0.35251712906592386,-0.7556787836941884,-0.7519678060845618
0,OLS,0.05,0.8619745982998049,0.13977147840956947,-0.3090593237008133,0.35809315280084003,-0.014132639863373837,-0.04123719949200846,-0.826945770108702,-0.7833779197046781
0,Ridge,0.05,0.8618936524612267,0.13983978691518636,-0.30882157761766715,0.3578139163597599,-0.014109242034608874,-0.04123974843487006,-0.8262735778544272,-0.7826940945091516
0,LASSO,0.05,0.8090325731080162,0.1476768511286316,-0.17680470573056192,0.22532019581984647,-0.001706450322106353,-0.031819061614100884,-0.7170633738561022,-0.6669659397622719
0,Huber,0.05,0.9205223750293278,0.10270891557218224,-0.3658482855524773,0.4128049418528356,0.00712371310316412,-0.2576727080389255,-0.7425204349033528,-0.7387910809274902
1,OLS,0.05,0.8551746517094868,0.12995001036863607,-0.27431425651020885,0.31580709751514097,-0.011264443184869206,-0.04055331603995768,-0.8891391377689506,-0.869391197150704
1,Ridge,0.05,0.8551253909141009,0.1300267966757848,-0.27413207355660985,0.3155720793009985,-0.011238711400512568,-0.04055738962108217,-0.8883773389151376,-0.8686205121873178
1,LASSO,0.05,0.802190631782851,0.13746983084727274,-0.14215402646049446,0.18302163000059027,-0.0,-0.031042726387404518,-0.7795844325060993,-0.7532151151851129
1,Huber,0.05,0.9187549374160534,0.10237478571841016,-0.3620586635525708,0.4023131946352582,0.0075447079265060085,-0.25704000522712306,-0.7477238576237468,-0.747257231332662
2,OLS,0.05,0.852849419838841,0.11075286304576146,-0.2687100949525635,0.30882070906083703,-0.011536889308370397,-0.0421599211075648,-0.8783924706650765,-0.8452638088353556
2,Ridge,0.05,0.8527993301553417,0.1108291864197808,-0.2685289973869251,0.308588318687167,-0.011511271093036684,-0.04216377153925618,-0.8776462396170628,-0.844509102321163
2,LASSO,0.05,0.7998673110717771,0.11836138445012366,-0.1365145279385829,0.1760283599225983,-0.0,-0.032670685111725196,-0.7687811896334319,-0.7290509061210506
2,Huber,0.05,0.9208740886431739,0.09881675758530252,-0.3655947316518469,0.4094295799855143,0.00787454309788334,-0.2951334578504152,-0.7515452708110032,-0.746264191732706
3,OLS,0.05,0.833797899997806,0.1253806040264806,-0.2401810506192081,0.30421848799776385,0.007443977748312498,-0.046225456976808244,-0.914818827297851,-0.8963800477443251
3,Ridge,0.05,0.8337666439783177,0.12546014530262925,-0.24003168796752372,0.3040098418349868,0.007469272235063103,-0.0462297945532667,-0.9140200678920414,-0.8955743344595553
3,LASSO,0.05,0.7800689917072073,0.12670734098884187,-0.10939061726411946,0.1711072958220448,0.0,-0.03522464938970644,-0.810573018587838,-0.7840253400446423
3,Huber,0.05,0.912367613147257,0.10242149723454098,-0.3510344423445235,0.40428426869994694,0.009137437532390755,-0.25791141377282817,-0.7629293820961417,-0.7606543315057547
4,OLS,0.05,0.8707821458138191,0.10930888520053825,-0.3321920533139037,0.373977497239659,0.018608780747390273,-0.04172951176935874,-0.8960671483576235,-0.8685456100396802
4,Ridge,0.05,0.8707095755802241,0.10938709541820554,-0.3319566458072573,0.3736938736094723,0.01863322766921564,-0.04173289402863975,-0.8953178689653155,-0.8677843097815692
4,LASSO,0.05,0.8169328043123633,0.1097000096713877,-0.20159329834226777,0.24080495430123697,0.008337779279254167,-0.0305032807344472,-0.7926349671808093,-0.7567783500588541
4,Huber,0.05,0.9232961969539026,0.10145278245468813,-0.3746295671942414,0.4264850507265079,0.012461490151781036,-0.25450398078949105,-0.7611789300333107,-0.7593542191864352
5,OLS,0.05,0.8546734278604877,0.13282025357594285,-0.29945198914206833,0.3409003608423479,-0.003230954503598421,-0.03554403781096299,-0.8573700004923162,-0.8319380419938031
5,Ridge,0.05,0.8546071798513324,0.13289312441424936,-0.2992381763280653,0.3406395614633655,-0.0032068547993490165,-0.035547629323303825,-0.8566516908302735,-0.8312090046809769
5,LASSO,0.05,0.8013710964505367,0.1376812847392522,-0.1678820929871731,0.2079763749538021,-0.0,-0.025393622290807466,-0.7500889407900406,-0.7173973134940269
5,Huber,0.05,0.9204004595655613,0.10370527587023372,-0.35963205732562736,0.4045378456747969,0.00814046632177735,-0.26876209316853855,-0.7445812076155504,-0.7412032156469663
6,OLS,0.05,0.8469427517536772,0.1179411252209512,-0.2616683638667956,0.30441389609591357,0.003612730301065299,-0.04164453341296065,-0.8847856663477176,-0.8770325074118582
6,Ridge,0.05,0.8468996666586002,0.11801866318973457,-0.26149876385562043,0.3041900254598874,0.0036377007853425,-0.04164865988978773,-0.8840179945609556,-0.8762562318054383
6,LASSO,0.05,0.7933522583733768,0.1205337874940877,-0.13057306167709376,0.17135100164857606,0.0,-0.030948354188378824,-0.7794853487000114,-0.7639249060085137
6,Huber,0.05,0.9089857477676185,0.10208897679647179,-0.34148828616322136,0.39265991149501817,0.009505083866524539,-0.2696229860436036,-0.7629202116588959,-0.7635977737899349
7,OLS,0.05,0.887778241909002,0.14201838845019313,-0.32668569235744976,0.38076629700860204,0.007196652845398695,-0.03521788687799009,-0.9008880160439953,-0.8666273894682265
7,Ridge,0.05,0.8877030498449417,0.14209434937446633,-0.3264474332953992,0.3804796331168021,0.007221160645945132,-0.03522156983352526,-0.9001402758684148,-0.8658677736041339
7,LASSO,0.05,0.8340693027023809,0.14342917633651306,-0.19589369304534407,0.24767146322037517,0.0,-0.02423720913440487,-0.7965444535423131,-0.7541969669012716
7,Huber,0.05,0.9226301006487853,0.10351220885069065,-0.366324855309177,0.4137228109308381,0.009249427150677704,-0.2519451292108683,-0.7531742928003918,-0.7480912330447874
8,OLS,0.05,0.8568270424064527,0.12217715279311168,-0.2938341019736118,0.3348035487231659,-0.000735384967217336,-0.040528569406298676,-0.8869070039667383,-0.8536415578484748
8,Ridge,0.05,0.8567684604543658,0.12225342646061868,-0.2936322751352919,0.33455144473873455,-0.0007103914424110799,-0.04053230868259914,-0.8861594027143015,-0.8528842318577325
8,LASSO,0.05,0.8034120953203481,0.12620974201120058,-0.16242432593283634,0.20181915105459272,0.0,-0.030178844629568345,-0.7803658828955371,-0.7396394612420824
8,Huber,0.05,0.9213641598255918,0.09831336501081932,-0.36750115465805805,0.39768483832288715,0.008295724754868804,-0.25016764696148514,-0.755113887055179,-0.7498872269713922
9,OLS,0.05,0.8276943159144627,0.12446511747166605,-0.24999584992476911,0.29413768583291455,0.012344442545395642,-0.04211909564616149,-0.9049379213814431,-0.876000950738852
9,Ridge,0.05,0.8276604892848883,0.1245431178905156,-0.24984297644806583,0.2939277670435572,0.012369044649408523,-0.04212345748515109,-0.9041550088063203,-0.8752111320920981
9,LASSO,0.05,0.7738540641014812,0.12485753398173809,-0.11941334693696679,0.1609777857311224,0.002073863728177518,-0.030893225598886426,-0.8014876202813567,-0.7642173800526576
9,Huber,0.05,0.918157206313007,0.09944885813646574,-0.35904997833479946,0.4026568064245424,0.010332261002756452,-0.2493613889335805,-0.7619514372389379,-0.7584244928881078
10,OLS,0.05,0.8500027793063107,0.1256227070275551,-0.28992533004876664,0.3382565240638285,0.006113509407533552,-0.041564050982842556,-0.9171595743144823,-0.887968938158266
10,Ridge,0.05,0.8499524760862793,0.1257020976280682,-0.28973451475267864,0.3380111705038591,0.006139011010732767,-0.041568196101593215,-0.9163767168643692,-0.887176966648316
10,LASSO,0.05,0.7963368921862244,0.12739172290755713,-0.15905446289529301,0.20518116244395862,0.0,-0.030669625753964275,-0.8125114218624334,-0.7753198954102138
10,Huber,0.05,0.9116989417389962,0.10167048730718792,-0.3511722171792621,0.39792456537227294,0.008964376797809601,-0.2507036306280692,-0.762721834755254,-0.7594202930212652
11,OLS,0.05,0.8573914690755757,0.12334967391295747,-0.29455274460615,0.3466035240943157,-0.012070699554148849,-0.041491287120878045,-0.8683212551763078,-0.8436772119778182
11,Ridge,0.05,0.8573274253666977,0.12342459799906388,-0.2943415071257551,0.34634382080061393,-0.012045471387081131,-0.04149475458075524,-0.8675902860937821,-0.8429357145226664
11,LASSO,0.05,0.8044421120846585,0.13113704828596723,-0.16233747749339944,0.2138349044128943,-0.0,-0.032045035892625126,-0.7585299043114176,-0.7273292371225306
11,Huber,0.05,0.9201800065805946,0.10000131451463612,-0.3715316618430949,0.42187343150423623,0.006509716343162748,-0.24704343294673486,-0.7537717739925895,-0.7516566812385481
12,OLS,0.05,0.8633379886537113,0.11285632610277149,-0.32673786801765436,0.36844234392986686,-0.011152086797568685,-0.04049085958854911,-0.911039256666878,-0.8948302883711979
12,Ridge,0.05,0.8632731396369528,0.1129372276675656,-0.3265143594333463,0.36816779387188703,-0.01112501088784288,-0.040494853632385454,-0.910265466981872,-0.8940450810695546
12,LASSO,0.05,0.810339264436112,0.12033742473521432,-0.19456793313992615,0.23564121751516703,-0.0,-0.03097093415054629,-0.8015387309927028,-0.7786973442731524
12,Huber,0.05,0.9188099759865969,0.09836170417065741,-0.3637173428539301,0.41713135536922963,0.008940896158554042,-0.2543326527970392,-0.7576164741111815,-0.7560077318951871
13,OLS,0.05,0.8253433466896816,0.11769996070129163,-0.24749213390708172,0.29996657638682994,-0.008294088820593723,-0.04004217185789534,-0.9525771296166221,-0.9201365353774197
13,Ridge,0.05,0.825319678256176,0.11778389131034227,-0.24735150810465695,0.2997635383472052,-0.008266373101939088,-0.04004748703848068,-0.9517441082895679,-0.9192977130470688
13,LASSO,0.05,0.7722456165507153,0.1242370932538216,-0.11555752952093652,0.1671356915236819,-0.0,-0.03029514462894132,-0.8438561095050683,-0.8045588646373434
13,Huber,0.05,0.9147738602496471,0.1004584030305417,-0.35155672934479004,0.39583311587297615,0.008517677536594045,-0.2582094209132624,-0.7610013935796648,-0.7562599063104691
14,OLS,0.05,0.8410532161401864,0.11598126673344626,-0.2756028893113455,0.2973800219403454,-0.023601805299293375,-0.043221073728198105,-0.899005273456097,-0.8764007854095393
14,Ridge,0.05,0.8410111056470572,0.11606043239555087,-0.2754326149736711,0.29715573333048684,-0.023574566241560905,-0.04322535509751352,-0.898230198903328,-0.8756177096134167
14,LASSO,0.05,0.7881048116569322,0.12388467947279617,-0.14333854542376578,0.16460023373681137,-0.01117632038898569,-0.033802586596347516,-0.7891431000536064,-0.7600073437542837
14,Huber,0.05,0.9168200307958692,0.0982317038706292,-0.3680683991224474,0.39673258239908116,0.005188559550680213,-0.27202594756216997,-0.7514915022776512,-0.746972185235237
15,OLS,0.05,0.8432045490682584,0.1254763917939201,-0.2855292199136933,0.3269254299364144,-0.002283659856494361,-0.04008302191809828,-0.8893703472112177,-0.8482665636721631
15,Ridge,0.05,0.8431508087954366,0.12555239202666238,-0.2853370183318225,0.32668200207189624,-0.0022586555564164577,-0.04008689794235211,-0.8886206281603755,-0.8475079786627694
15,LASSO,0.05,0.7898514354141476,0.13002150388356554,-0.15400647140511858,0.19396831585935717,-0.0,-0.029856629577833083,-0.7823897393425443,-0.7339481091181264
15,Huber,0.05,0.9224493245584218,0.1011713536851826,-0.37246121885055444,0.4037725590366007,0.00780599767867761,-0.2599208671045994,-0.7496167878304144,-0.7460937590698036
16,OLS,0.05,0.836449692734414,0.1313023213515284,-0.26226988567672854,0.30846074907140336,-0.003827933423625156,-0.04060880543369734,-0.8930835892833974,-0.8642497871471093
16,Ridge,0.05,0.8364069216729086,0.13137890242386466,-0.26210023614682365,0.3082367160627296,-0.0038027404055429774,-0.04061299410440177,-0.8923176716862316,-0.8634760161977612
16,LASSO,0.05,0.7831741912582806,0.1363612114931186,-0.13066203490249653,0.17555174695677622,-0.0,-0.03050604231253639,-0.7856282511685255,-0.7495827832788521
16,Huber,0.05,0.9113734287167176,0.09974900272594261,-0.3513896301837705,0.398855557066797,0.006902286274936885,-0.253102466553635,-0.7603036798785678,-0.7557205698703471
17,OLS,0.05,0.8666836042027716,0.12415238687106614,-0.3345728830793439,0.36879402973343633,0.0022456621030950813,-0.03999605188924687,-0.8822044765815608,-0.8529534720116307
17,Ridge,0.05,0.8666087118215935,0.1242283367535824,-0.3343351216776575,0.36850980823019003,0.002270447204262462,-0.0399993860062115,-0.8814707809709734,-0.8522077446294856
17,LASSO,0.05,0.8131645038836788,0.12720083445570035,-0.20340594381412436,0.23577605685341557,0.0,-0.029409456668427633,-0.7764734014392662,-0.7395276114423763
17,Huber,0.05,0.9105193188426224,0.10184241900460335,-0.3549999068599371,0.3991445665867033,0.00749969094792876,-0.23584170203488516,-0.7651903031057631,-0.7620957052273951
18,OLS,0.05,0.8671455966758691,0.12442017443060396,-0.3091040083672467,0.3608664614998443,-0.001688889949400221,-0.04151908960785363,-0.8890466124779802,-0.8633072964334705
18,Ridge,0.05,0.8670790536559081,0.12449694099329492,-0.30888388760670155,0.3605969466388574,-0.0016636919647565675,-0.041522630126840564,-0.8882990494647595,-0.8625486985680647
18,LASSO,0.05,0.8137922665703966,0.12877250841836405,-0.1776648482621986,0.2279290556595273,-0.0,-0.031246249193919527,-0.7821786465582011,-0.7490592897557113
18,Huber,0.05,0.9150073519416919,0.10067742741909928,-0.35675555353563126,0.40563484981203113,0.008348573390922166,-0.2673937819104184,-0.760374615811637,-0.7575218727779249
19,OLS,0.05,0.8346712776457657,0.12317544376478987,-0.24334227359545238,0.2950796806717929,-0.003984771970091979,-0.051551278741811944,-0.9017616473447223,-0.8717918098648609
19,Ridge,0.05,0.8346367817641076,0.12325335841899006,-0.2431896234521156,0.29487022021586035,-0.003959244327278356,-0.051555100266496165,-0.9009822275571534,-0.8710055961958053
19,LASSO,0.05,0.7813818263163477,0.1282827902459995,-0.11168834506936205,0.162147366931175,-0.0,-0.04146021497419024,-0.7943094977857215,-0.7571361109439187
19,Huber,0.05,0.9075184888810233,0.1027735518878059,-0.34328518598659497,0.3919339666613527,0.011531374111485006,-0.512270102777319,-0.7652172987992933,-0.7572096996005417
20,OLS,0.05,0.8770560901522779,0.12281221728823657,-0.3273531123472027,0.35864305405329255,0.0004525215950719583,-0.03768764323318252,-0.8687018468364316,-0.8413437581835895
20,Ridge,0.05,0.876980068860713,0.12288678906118937,-0.32711717763586823,0.35836187017640975,0.00047699541982317316,-0.03769097259392172,-0.8679806339412831,-0.8406105076021583
20,LASSO,0.05,0.8236052595482599,0.12645369193646483,-0.1960495713147898,0.22565232402902438,0.0,-0.027243755984295792,-0.7624695093717193,-0.7275585252886748
20,Huber,0.05,0.9258145854109004,0.10120675847161396,-0.37380603732475104,0.42079566987332623,0.00823327092340102,-0.2658717355083614,-0.7505258893778868,-0.7477618694444786
21,OLS,0.05,0.8695407598573431,0.11661746356700019,-0.31663040627682115,0.36754179273663423,0.008666221789802567,-0.004374214211008123,-0.8609904817689578,-0.8390321174282868
21,Ridge,0.05,0.8694655964069935,0.11669192182284598,-0.31639623490087876,0.3672618502416167,0.008690227807917096,-0.0043795278303047245,-0.8602726143729409,-0.8383021259340392
21,LASSO,0.05,0.8162219031990389,0.11771310115504419,-0.18650285497436525,0.23483338085048672,0.0,-0.0,-0.756375870234483,-0.726267885105489
21,Huber,0.05,0.9191248980030335,0.10056069538413846,-0.36430692062220554,0.4166837489663479,0.009379999687346556,-0.2392207356830834,-0.7559130536826306,-0.7534805052246801
22,OLS,0.05,0.8412767848270144,0.1168499112426674,-0.30232344036022996,0.33101658391433525,-0.0009835928967982161,-0.0393534329291318,-0.9062659528236925,-0.8797818831675512
22,Ridge,0.05,0.8412245562516547,0.11692927989535407,-0.30212854186696125,0.33076902762227045,-0.0009576232367995782,-0.039357644195516385,-0.9054929720731102,-0.8789994605111253
22,LASSO,0.05,0.7878865464092684,0.12096708251752596,-0.1709211126742792,0.19805590809287704,0.0,-0.029024052947825143,-0.7996204116292092,-0.7656982443505709
22,Huber,0.05,0.9119444560556788,0.0970115417424261,-0.35466890090143266,0.3986999156657483,0.008332680215455789,-0.2681648609645223,-0.7620763229238827,-0.7561455989014533
23,OLS,0.05,0.8680863036790448,0.09612165218726836,-0.3345655662812331,0.38555223755518336,-0.011999883456036376,-0.04131562543434842,-0.9117857025692346,-0.8767838124641587
23,Ridge,0.05,0.8680146078724534,0.0962028872506238,-0.3343281957022376,0.3852656278903514,-0.011972604387768645,-0.04131938332409977,-0.9110233016476179,-0.8760097204420854
23,LASSO,0.05,0.8151352100662811,0.10388588394161213,-0.20235713438476455,0.25278352396478004,-0.0,-0.03186378400534584,-0.802010945913025,-0.7604470840011537
23,Huber,0.05,0.9217036341754373,0.09880580516688134,-0.3683746936103762,0.41701184870947866,0.009956310898211413,-0.2811853460900007,-0.7571767170069922,-0.7538158012199484
24,OLS,0.05,0.8363413906291125,0.08977300015424668,-0.286646235451189,0.31538307942495664,-0.030992107060987133,-0.038361958289971444,-0.9327024143365905,-0.9057613477159443
24,Ridge,0.05,0.8363019938669494,0.08985784307210354,-0.2864732246896088,0.31515334408823636,-0.030962624352095427,-0.03836703819466558,-0.9318948064335254,-0.9049458359076633
24,LASSO,0.05,0.783402281518044,0.09767820542800779,-0.15439775958708793,0.18261530656942285,-0.018566007372191804,-0.028943883227997215,-0.8228183524195292,-0.7893480533173145
24,Huber,0.05,0.9178833460037107,0.09627758265303457,-0.3641416072671012,0.40732890576141667,0.003212083708411243,-0.2492131288780512,-0.7620425833091122,-0.7606512919956567
25,OLS,0.05,0.858304803536738,0.11879202520494561,-0.30077116997115655,0.34814497382118786,0.00011805775552512746,-0.04138355547778659,-0.938048527382904,-0.8988522680044834
25,Ridge,0.05,0.8582529871306538,0.11887374295365759,-0.30057407818704623,0.3478926836944722,0.00014470669876374582,-0.04138788374140435,-0.937251577083352,-0.8980462071011142
25,LASSO,0.05,0.8048754922595341,0.12254534609761909,-0.1694576911610719,0.21517127255200055,0.0,-0.03096661253450353,-0.831704207428742,-0.784983294276574
25,Huber,0.05,0.920160276477613,0.09833685854112324,-0.36446676446057535,0.409456548595542,0.009147418034384203,-0.24623332348767257,-0.7568299186859417,-0.7541276720301688
26,OLS,0.05,0.8403745610610859,0.12089942464366579,-0.2857059688276751,0.33027759689698355,0.001036237932719042,-0.0398153339152761,-0.908894074257898,-0.892281974350328
26,Ridge,0.05,0.8403275229905965,0.12097916937624302,-0.28552154112613615,0.3300383137275546,0.0010621192276197302,-0.03981968776139189,-0.908110687174694,-0.8914894847092945
26,LASSO,0.05,0.7869127554503306,0.12434942722893194,-0.1544668010755045,0.19729330360429592,0.0,-0.02932540826034793,-0.8028012724518493,-0.7785923601730267
26,Huber,0.05,0.9136327288744293,0.09916439717476459,-0.3555479841448515,0.4033981735844141,0.009115191116155478,-0.2328433097106672,-0.763098196195528,-0.7617344662608051
27,OLS,0.05,0.835568113323763,0.10962878830554221,-0.23508274441085197,0.2965438451625023,0.0030647477135219378,-0.04023711151719277,-0.9452415807374279,-0.921293442774708
27,Ridge,0.05,0.8355453107136747,0.10971253709984373,-0.2349463604911407,0.29634474792425763,0.003091652326452126,-0.04024235776395284,-0.9444107799968169,-0.9204567204538256
27,LASSO,0.05,0.7820262657913281,0.11240720072638351,-0.10399372438463116,0.16352564945445328,0.0,-0.029585618428527215,-0.8397244603051378,-0.8080182855565047
27,Huber,0.05,0.9174224831217163,0.09944267811917812,-0.3534265605394395,0.40842133934997255,0.008926765359422984,-0.2711173227475642,-0.7621437619098356,-0.7587642782423445
28,OLS,0.05,0.833345029251993,0.14064445227677932,-0.2653507037935586,0.3271500887103593,0.006513139816189687,-0.04048102644639444,-0.9743740615172566,-0.9358649330456545
28,Ridge,0.05,0.8333156824808245,0.14072838261257417,-0.26519461991763865,0.32693088236667694,0.006539994112978435,-0.04048621346850802,-0.9735286482656238,-0.9350129956444058
28,LASSO,0.05,0.7796957638620803,0.14228646795535205,-0.134565344659415,0.19411037209778295,0.0,-0.02955602680599218,-0.8697648532782724,-0.8232299495092804
28,Huber,0.05,0.9121554804934524,0.10268135049840106,-0.3582154206974153,0.40930541114046304,0.009395908964101059,-0.24923243893384164,-0.7738732330126571,-0.7716094495734355
29,OLS,0.05,0.8273553208457386,0.1131015958668674,-0.2628509943196535,0.3188602845105294,0.0031424371810358067,-0.04101399167473598,-0.9087682797950082,-0.8944031743916037
29,Ridge,0.05,0.8273171865423045,0.11318198017917387,-0.26268494474203397,0.31863709629373255,0.0031683048292570283,-0.04101851236356021,-0.9079773200277099,-0.8936041449397913
29,LASSO,0.05,0.7737870017822642,0.1158505273177567,-0.1317271744615617,0.1858100357003853,0.0,-0.030355408868942068,-0.8033263951136955,-0.7811921412166144
29,Huber,0.05,0.9122143553503689,0.09957465458793757,-0.3568630629801679,0.40450323912526925,0.008804326907324975,-0.23040733900680474,-0.7569045208756701,-0.7572753595706158
0,OLS,0.1,0.8834890045419461,0.10136906022315577,-0.3402552269731634,0.37518482065305836,-0.00752238710040466,-0.04142192232041085,-0.8479393046465137,-0.8192952282881484
0,Ridge,0.1,0.8834020682000305,0.10144312771162013,-0.3399989371748113,0.3748871209637518,-0.007497581508116393,-0.04142466310223948,-0.8472440889349001,-0.8185867416583879
0,LASSO,0.1,0.8303610181479633,0.10765154617580242,-0.20837661665123752,0.24233945618684216,-0.0,-0.031613495523040186,-0.7394301183466513,-0.7038684499559853
0,Huber,0.1,0.9190170004072027,0.09656090364463925,-0.36600085799084775,0.41157226294562915,0.00845051745231896,-0.1742830622069436,-0.7551419897855467,-0.7518465425919172
1,OLS,0.1,0.8606558689302801,0.110449959474821,-0.3389127684704961,0.37726678234957006,0.01063789218678216,-0.039719922223484284,-0.9126001456098833,-0.8666752723718729
1,Ridge,0.1,0.8605846849704796,0.11052920898170972,-0.33867720527148387,0.3769823593007159,0.010663224859019589,-0.03972358502189355,-0.9118426860698702,-0.8659064597718499
1,LASSO,0.1,0.8068045098051427,0.11084071369853943,-0.20831053919304177,0.24409159488572518,0.00036676457326389507,-0.02849360346112535,-0.8091725812530053,-0.7549121947513829
1,Huber,0.1,0.9199932734550107,0.10090321873958426,-0.37062144671185077,0.42121029357441997,0.008755966312192068,-0.15717598504564226,-0.7581426662546829,-0.7535901943368194
2,OLS,0.1,0.8303330271730187,0.1355786713492468,-0.26167382068762624,0.31153683581157177,0.006489078044434411,-0.0645289206275415,-0.8756738724824868,-0.8392746387480787
2,Ridge,0.1,0.8302859838720049,0.1356524035534086,-0.26149854347685847,0.31130927603107583,0.006512656242498536,-0.064531278265816,-0.8749305937521487,-0.8385232939961093
2,LASSO,0.1,0.7766382607295939,0.13722101349706334,-0.13080652630772235,0.17843688906238883,0.0,-0.05360403500671199,-0.7711648627434595,-0.7267318913440944
2,Huber,0.1,0.9201657660759901,0.0967997685321441,-0.3655550151154249,0.41298886843756616,0.005597628266880068,-0.19120908630968358,-0.7584405959872489,-0.7552284781860429
3,OLS,0.1,0.9062931791504878,0.1401253053865799,-0.3264564657883824,0.36463814258000776,0.004975997482831995,-0.0437318965189797,-0.8796759372760183,-0.8444538923405552
3,Ridge,0.1,0.9062131789350402,0.14019885964512238,-0.3262148207408668,0.3643511520961663,0.00499989944723577,-0.04373473569705821,-0.8789519288661144,-0.8437177221687915
3,LASSO,0.1,0.8526968331341735,0.1422752973718127,-0.19554337659388185,0.2316132582325016,0.0,-0.032929051571153466,-0.7746455204517588,-0.7315183731293554
3,Huber,0.1,0.9265242204481561,0.10589479786367213,-0.3645848208080648,0.4115282194453392,0.010214183450767302,-0.15484459830439742,-0.7546633741726726,-0.7501463840194748
4,OLS,0.1,0.8669471258753894,0.10441159342241124,-0.33784762152977904,0.3855274929173789,-0.021735818958633402,-0.03863422238564071,-0.8944576277231207,-0.8667871042531868
4,Ridge,0.1,0.8668718161029866,0.10449101058235254,-0.337604961253677,0.38523741652070437,-0.021708501588574326,-0.03863795009374254,-0.8937106208170554,-0.8660278856576763
4,LASSO,0.1,0.814015891096159,0.11231889236134837,-0.20561167038765393,0.2527687835423477,-0.009308975659084923,-0.029216548773675795,-0.7845509244220724,-0.7503531195608615
4,Huber,0.1,0.9274139005210684,0.10263148652051858,-0.36951519412101946,0.4270391254312232,0.007435624893903163,-0.15461448228559488,-0.7529110151571012,-0.75464914322246
5,OLS,0.1,0.8479883161151796,0.11946070438013472,-0.28072675084012294,0.33522285422213066,0.006582915127702008,-0.04465177050869519,-0.9005053837215504,-0.8597448399456528
5,Ridge,0.1,0.8479359077636376,0.11953807515382461,-0.28053573185760994,0.3349790772398284,0.006607751814571603,-0.04465547813484946,-0.8997440586709301,-0.8589746816549484
5,LASSO,0.1,0.7942912138749872,0.12107227447620214,-0.1498686344938958,0.20212296467868893,0.0,-0.033719468946190705,-0.7960192736283292,-0.7472178550711378
5,Huber,0.1,0.9209891321130256,0.10520106855774253,-0.3614426637091439,0.4094943954544636,0.008303715647968437,-0.20143291553805662,-0.7431763073507583,-0.7388370787152515
6,OLS,0.1,0.871209567008206,0.0991533178803599,-0.3279050850995348,0.3803489725109599,-0.027357045928225975,-0.03888933382760241,-0.9056718103095135,-0.8731256178829214
6,Ridge,0.1,0.8711385638708822,0.09923407577026443,-0.3276708886096885,0.38006575385276264,-0.027328973254299765,-0.0388932781167405,-0.9049133653290542,-0.8723556656507332
6,LASSO,0.1,0.8182867096016503,0.10706217142664773,-0.19568353201498548,0.24760120991987927,-0.014929672156821045,-0.029472026044458578,-0.7957458141890004,-0.7566741511060502
6,Huber,0.1,0.9215181968185208,0.10108790608227783,-0.36441122551373584,0.4148025800737268,0.0033626536804552314,-0.0980323961963646,-0.7524629876085028,-0.7546889704000151
7,OLS,0.1,0.8843881896471978,0.12414841835884789,-0.3671938460974192,0.41683153030146053,0.007539323941419912,-0.020334526871660017,-0.8387658395230475,-0.829272410170976
7,Ridge,0.1,0.8842881955638766,0.12422077184005309,-0.3669079337883235,0.41650616149595987,0.007562737939673189,-0.020338097549064744,-0.8380802312962707,-0.8285711374790048
7,LASSO,0.1,0.830653334435642,0.12544412502305885,-0.23640509074551555,0.28371387095931416,0.0,-0.009326103873743195,-0.7345447150037726,-0.7169347315706954
7,Huber,0.1,0.9175439499630367,0.10255312149595487,-0.3669115576465306,0.41359044347174073,0.009546805546269004,-0.31512760438411735,-0.7411543163723866,-0.7365716547414557
8,OLS,0.1,0.8406802033642732,0.13118398206301465,-0.3076016773716073,0.31657600488147825,-0.008365232535860145,-0.02587619522795788,-0.9225106588868714,-0.8606444888195738
8,Ridge,0.1,0.8406293189424587,0.13126232686837022,-0.3074103852603555,0.31633244901563135,-0.008338914273784524,-0.025881251816541433,-0.9217383483198469,-0.8598641317242587
8,LASSO,0.1,0.7875763746122152,0.13774338652762305,-0.17564611096064042,0.18373427175556756,-0.0,-0.016134501854656088,-0.8137884574854298,-0.7450694769873142
8,Huber,0.1,0.9168608027839139,0.10297148138059457,-0.3645122186607379,0.3859052369213534,0.008418606715140976,-0.1451912743817364,-0.7734862858342876,-0.7652066626502032
9,OLS,0.1,0.8583644196586484,0.12192303032011911,-0.3184405607686704,0.3812029233644517,-0.005577606218402465,-0.05098080412594358,-0.9179432610411538,-0.8797510623161868
9,Ridge,0.1,0.8582989113798276,0.12200264963213214,-0.3182161239310634,0.380926976417058,-0.0055512970856610895,-0.050984055777581534,-0.9171733934974988,-0.8789704124987227
9,LASSO,0.1,0.805164758904899,0.12756248927566408,-0.18671462111139214,0.2483316436476077,-0.0,-0.04101767594535273,-0.8099742463897174,-0.7647109666201432
9,Huber,0.1,0.9143788040066765,0.10369037242485712,-0.35163664041182374,0.40812958676251404,0.011808168500305272,-0.3377716558339728,-0.7713571944474299,-0.7619516473425958
10,OLS,0.1,0.8491181333022579,0.10243360993671508,-0.27305161784163223,0.3081722850398063,-0.0026824406290444146,-0.03997167483053755,-0.9059694242763652,-0.8835238337279955
10,Ridge,0.1,0.8490751145208091,0.1025139822172393,-0.2728786265702591,0.30794447457035184,-0.0026561258126210547,-0.03997612638211053,-0.9051880557978319,-0.882734175554126
10,LASSO,0.1,0.7958079582921459,0.10711510412060618,-0.14154650700886592,0.1752576124689512,-0.0,-0.029778091895605284,-0.7988139463111843,-0.76906793562884
10,Huber,0.1,0.9125656645277868,0.09767724563492237,-0.3553755054158203,0.3946461588654474,0.007135990579677076,-0.1515818946740122,-0.7591528538881488,-0.7580746470905572
11,OLS,0.1,0.8771224874130724,0.14575134589768582,-0.327360888407696,0.4074317334749647,0.004162747943513755,-0.04182478903495684,-0.9733721674832758,-0.9388792937990272
11,Ridge,0.1,0.8770601020629987,0.1458350102186601,-0.3271342571295005,0.407148157405754,0.00418976354125007,-0.04182909786695411,-0.9725485083771988,-0.9380447476016873
11,LASSO,0.1,0.8235633197701395,0.14817124127016387,-0.19639670925313588,0.27442749118086185,0.0,-0.031086902712693657,-0.8681007234358192,-0.825768387494593
11,Huber,0.1,0.9210216420953226,0.10797112695811092,-0.3593780797728517,0.41301769595554466,0.004456687320248355,-0.14722559010372696,-0.7717354644898327,-0.7681905779358633
12,OLS,0.1,0.838729603374826,0.12045335549258483,-0.27991262716528675,0.3192457555860661,-0.01598361431387076,-0.04005385497177084,-0.9332345126591272,-0.9155364549249241
12,Ridge,0.1,0.8386912037067359,0.1205360483041913,-0.27974239427971004,0.3190175330970089,-0.015955768118399598,-0.0400587254817805,-0.9324231057513516,-0.9147169934348379
12,LASSO,0.1,0.7857902010831471,0.1283585052950054,-0.147663649115402,0.18647760169387081,-0.003557533602497688,-0.03063576700998906,-0.8233511335188609,-0.7991237795137581
12,Huber,0.1,0.9114515089693297,0.1003267815819941,-0.350973267933022,0.400060994570467,0.006916437612420511,-0.15864505989054095,-0.7663282641024847,-0.7661008931933223
13,OLS,0.1,0.8322985038147681,0.14942970956943563,-0.3001969863080337,0.3534444831770335,-0.008398546173737795,-0.021645881852229525,-0.8913816849449894,-0.8581019328622795
13,Ridge,0.1,0.8322399522316637,0.1495050100773292,-0.29999112173306236,0.3531874632107067,-0.008373316188506641,-0.02165079597692642,-0.8906303380086268,-0.8573407954093836
13,LASSO,0.1,0.7791790181507433,0.1559974569788863,-0.16820947993237748,0.2205809170298044,-0.0,-0.01190619073904319,-0.7826882655600532,-0.7425547882600043
13,Huber,0.1,0.9166843128826546,0.10548446126397923,-0.3658950525852393,0.41138455207866553,0.007752697122295911,-0.12849551213094496,-0.758289195908315,-0.7550375585917176
14,OLS,0.1,0.882536904816044,0.1046356022213675,-0.3666742180479952,0.40893913788974806,-0.00831454033942791,-0.03363405774686924,-0.8728053434520185,-0.8475678191634634
14,Ridge,0.1,0.8824447594855855,0.10471254167767893,-0.3663994657611198,0.4086219916019718,-0.008288736628337965,-0.033637410172877046,-0.8720890842475766,-0.8468371926518724
14,LASSO,0.1,0.829440046121903,0.11118037148900986,-0.23473667473133775,0.2761067489273757,-0.0,-0.023888722591593577,-0.7640712990542027,-0.7319791330977198
14,Huber,0.1,0.9266152761099846,0.10161442060031355,-0.3879313768994644,0.4340167923433132,0.007031616854806001,-0.1776436925274936,-0.7460505636612645,-0.7420114021971699
15,OLS,0.1,0.8767747204496888,0.1478659469851712,-0.37869030440622575,0.3977740653263734,0.0071612935228101415,0.004623897793902425,-0.897474571729601,-0.8636428824483958
15,Ridge,0.1,0.8766871041148286,0.147941739357819,-0.37842187319874754,0.39746127099041034,0.007186053858631146,0.004618114777613558,-0.8967387169650965,-0.8628933683425875
15,LASSO,0.1,0.8241487541467923,0.14969296220150313,-0.24925742169981893,0.26568825264178053,0.0,0.0,-0.7914283593850446,-0.7496468839664348
15,Huber,0.1,0.9209606383634937,0.10867496367424051,-0.3718784116510127,0.412310409314641,0.010598778092880807,-0.17811311404706867,-0.7512209899475264,-0.748767328745579
16,OLS,0.1,0.8773993708552721,0.114893136911401,-0.3393867966987175,0.3797866700375724,0.010793966577481828,-0.030876591623627405,-0.8888257491064468,-0.865148808361197
16,Ridge,0.1,0.8773221210924754,0.11497054802905493,-0.3391427537172207,0.3794958169195346,0.010818706282035339,-0.030880493402690945,-0.8880847619950601,-0.8643951947590907
16,LASSO,0.1,0.8235759625019715,0.11528938534893757,-0.2088321157443815,0.24664741030359924,0.0005247279199426308,-0.019651521420513816,-0.7853316247546995,-0.7533253332379031
16,Huber,0.1,0.9191497388494276,0.10393438166718115,-0.3656953043500358,0.409542295449988,0.01158055843456393,-0.15764076806862015,-0.7481787923806961,-0.7475716716762083
17,OLS,0.1,0.8218087905696542,0.1337387870415987,-0.2058731939234039,0.2675196806394199,0.007493807181638558,0.002432886657266685,-0.8662508828774493,-0.8466479478886124
17,Ridge,0.1,0.8217819591673118,0.13381246828537835,-0.20574380065673045,0.2673334507136748,0.007517436972652472,0.0024259788324089296,-0.8654945169446547,-0.8458857608708947
17,LASSO,0.1,0.7689840996089287,0.13539295848014876,-0.07621606388188511,0.13524378920849328,0.0,0.0,-0.7606225322655809,-0.7330168402919577
17,Huber,0.1,0.8988435201597947,0.10346499077783569,-0.32857939634683025,0.3833625253754882,0.008144177491197896,-0.14596889000778068,-0.7709930580583796,-0.7696505135013196
18,OLS,0.1,0.8339197963111481,0.13001320650018086,-0.2816404407703791,0.32607590849212975,0.0007731070438427897,-0.034274899228818316,-0.9600337463047464,-0.9422130919633117
18,Ridge,0.1,0.8338863725511151,0.13009777033913175,-0.28147536696200354,0.3258496133371214,0.0008005236653429819,-0.03428038682435892,-0.9591948415483608,-0.9413664631953941
18,LASSO,0.1,0.7804639760712085,0.13354943005508585,-0.15037451741377156,0.1930906612026643,0.0,-0.02380574867791465,-0.8538778237812562,-0.828480261300802
18,Huber,0.1,0.9122018620251112,0.09906323651410225,-0.3524156466681514,0.39549620373550093,0.004843596759680114,-0.13538647063797116,-0.7686673796770402,-0.7681298567275255
19,OLS,0.1,0.8752461018952051,0.13600815952720655,-0.3002570177721845,0.3358199651354847,-0.0030153337319354444,-0.03770380376427489,-0.8750425259479969,-0.8368956375194883
19,Ridge,0.1,0.8751799406438475,0.13608173922541603,-0.3000440694982632,0.33555938038204614,-0.0029909661242829787,-0.03770735368734817,-0.8743140680626232,-0.8361568991861293
19,LASSO,0.1,0.8219408396375508,0.1407987244989283,-0.16871269963359437,0.2028996481442158,-0.0,-0.02753643105965745,-0.7678097805869845,-0.7223872730572807
19,Huber,0.1,0.9232694186295649,0.10309956674565471,-0.3605200916977303,0.4004967516718022,0.006938580570631022,-0.18659624108112766,-0.7479893184577766,-0.7454252610138143
20,OLS,0.1,0.876035074788824,0.11204712801468657,-0.2945515562340155,0.3188436886007074,-0.006501089874624853,-0.04359747048785756,-0.8680502180519483,-0.8401737912031237
20,Ridge,0.1,0.8759726626185691,0.11212230958480734,-0.2943471104369061,0.31859156892055623,-0.006476071220919431,-0.04360081802477499,-0.8673202584971097,-0.8394336907906741
20,LASSO,0.1,0.8228768819313806,0.11799286394838443,-0.16276646528683553,0.18599506833747378,-0.0,-0.033708070595705776,-0.7598099599485015,-0.7249367921387451
20,Huber,0.1,0.9205111223806763,0.09772739465907865,-0.3684894465491683,0.41375861652351964,0.0075702538297160405,-0.19581805595539803,-0.7546167567186387,-0.7528618889698264
21,OLS,0.1,0.8555338916797166,0.14104974037260748,-0.301062070240336,0.34154659948243493,0.020654899641095754,0.014824876839618972,-0.9011188375232592,-0.8989982148386273
21,Ridge,0.1,0.8554791850722148,0.1411275993780136,-0.3008628128551351,0.3412940023165971,0.02067923952169618,0.01481755626481493,-0.9003425926373233,-0.8982114433663249
21,LASSO,0.1,0.8031247747828737,0.14255482572391964,-0.1720446235928842,0.20967456901688572,0.012191281843413273,0.005856602408730573,-0.7950541994393651,-0.7849098308331793
21,Huber,0.1,0.9120353418725198,0.10439220373699036,-0.34715774927522464,0.3974855038369251,0.010665590965196422,-0.13612762242716728,-0.7617451201971219,-0.7647813183613786
22,OLS,0.1,0.855463413900109,0.10427609558683901,-0.3758127318062008,0.4032781666940313,0.010382553217943458,-0.04324663033670895,-0.9056468256260687,-0.8880483132677852
22,Ridge,0.1,0.8553824883467686,0.10435692562562758,-0.3755516948139606,0.40297031792921456,0.010408358497578835,-0.043249937906580604,-0.9048895911166817,-0.8872773265260896
22,LASSO,0.1,0.8016099704974999,0.10466655743359288,-0.24520676972363165,0.27010007267141667,0.00011133019672380813,-0.03202022915358153,-0.8022233884728873,-0.7762889495268374
22,Huber,0.1,0.9183173366703844,0.09868634315690265,-0.3758750768903056,0.4217454591053542,0.01031748749581707,-0.19091650824191903,-0.7690255092103453,-0.7689092965240941
23,OLS,0.1,0.8667613174666186,0.09718033286424319,-0.30126009403793524,0.34868704779899473,-0.00623151219828813,-0.039405183460402254,-0.9329469859788598,-0.9099066913872155
23,Ridge,0.1,0.8667088331565882,0.09726405946426599,-0.3010612768356121,0.3484331985004809,-0.0062038903347089395,-0.039409736074343275,-0.9321470331476919,-0.9090970075536634
23,LASSO,0.1,0.8135873212232609,0.10303592080487407,-0.16948612775626912,0.21582728616076993,-0.0,-0.029494108301213556,-0.824795530748385,-0.7947359504642004
23,Huber,0.1,0.9191608579730133,0.1008666381969312,-0.3607219580127384,0.4083807019116624,0.005756675733881576,-0.11941991918066652,-0.7527168292359996,-0.7510481933428703
24,OLS,0.1,0.8811150364135899,0.11778690468331553,-0.24774896561944995,0.3068131623647669,0.009600868716644282,-0.04180804979883396,-0.8859917811022985,-0.8674548736982305
24,Ridge,0.1,0.8810682563728074,0.1178633659328001,-0.24757711869577265,0.3065874363387106,0.009625153736242557,-0.0418119843166415,-0.8852305378068275,-0.8666851318271105
24,LASSO,0.1,0.827318859472305,0.11840286692725667,-0.11714827300026084,0.17368833787675345,0.0,-0.030636168978375972,-0.7823137981543304,-0.7555005226755935
24,Huber,0.1,0.9321101305559328,0.10127567059490414,-0.36897859247023373,0.4176525643930709,0.005918271825004329,-0.13040265248146868,-0.7551790916164332,-0.7561341143057942
25,OLS,0.1,0.8553589256400295,0.11323219941206114,-0.28266998981393426,0.3302672728868157,0.0037489321826881124,-0.04267414109820762,-0.9255039839830033,-0.9059351397003746
25,Ridge,0.1,0.8553136335663021,0.11331387378815502,-0.28248825013630124,0.3300291934155889,0.00377524352275639,-0.04267850914588323,-0.9247052802599073,-0.905127577330407
25,LASSO,0.1,0.8017987802407379,0.11578581679475063,-0.1516461002551217,0.19724834047080872,0.0,-0.03196851204811463,-0.820158581561671,-0.792779297182788
25,Huber,0.1,0.9240516283925048,0.10259915211703359,-0.3677548858155992,0.41346817407317843,0.008329415679410567,-0.1500834191354842,-0.7546893974832225,-0.7508514906801547
26,OLS,0.1,0.8614175439558787,0.09968500695094354,-0.3267939240182327,0.37979157156079146,-0.0178397146064626,-0.030850003624630067,-0.939464163213622,-0.8945553175166914
26,Ridge,0.1,0.8613545481256679,0.09976860036824682,-0.32657056421068026,0.3795155260795961,-0.017811285869086684,-0.030854856680547573,-0.9386746526656382,-0.8937553959208617
26,LASSO,0.1,0.8084742985530844,0.107589788663426,-0.19453779042272,0.24701772686762788,-0.005413743564103929,-0.02143177926332377,-0.829587175283171,-0.778148338560462
26,Huber,0.1,0.9206457220555135,0.10095708482394694,-0.3670643364839277,0.4369948257584451,0.005160340379367622,-0.18942153609955176,-0.7694221132355732,-0.7628881902508673
27,OLS,0.1,0.8559858579185083,0.10189679419833192,-0.35916820359303175,0.41080640397964374,0.009447884937196074,-0.041894980265837226,-0.9195055084104521,-0.8696163846928288
27,Ridge,0.1,0.8559067033335235,0.1019774478406401,-0.35891182719406933,0.41050211426271777,0.00947373317507102,-0.041898412359239336,-0.9187480614974012,-0.8688465056844971
27,LASSO,0.1,0.8021788887786359,0.10256111507284221,-0.22852629045128298,0.2776610923887309,0.0,-0.030734665177177583,-0.8158189375747537,-0.7576622336438262
27,Huber,0.1,0.9184749370266501,0.09830632809086569,-0.3655442401200466,0.4090777056454512,0.007932009404782897,-0.13150150483265335,-0.7524952989135755,-0.7477673421662113
28,OLS,0.1,0.8129032653444823,0.11969945219505093,-0.23539307308711013,0.28229662899005215,-0.014049273057499099,-0.08072523825942418,-0.914206575798539,-0.8863867805035046
28,Ridge,0.1,0.8128788420581254,0.11977940786799007,-0.23525736729620897,0.2821013633420854,-0.014022654462119944,-0.08072772837726187,-0.9134075541333604,-0.8855820184403952
28,LASSO,0.1,0.7599642939293474,0.12760456116361774,-0.1031450282565863,0.14952927229426827,-0.0016232118567264984,-0.0713071581138487,-0.8043230652287164,-0.7699740192186215
28,Huber,0.1,0.9060966835733992,0.09900372907689863,-0.34808183612515453,0.3935138101221899,0.0071744904304599805,-0.1421633104116406,-0.7707424687095725,-0.7709205490534653
29,OLS,0.1,0.8672069315719031,0.11376477371587837,-0.32477135185448014,0.3600664132126747,-0.03253672894948356,-0.039712973258627875,-0.864755352871693,-0.8089958316799313
29,Ridge,0.1,0.86712909068165,0.11383889122768728,-0.3245331305782237,0.3597846780930736,-0.032510310345130564,-0.0397161802933665,-0.864050445331575,-0.8082797974404421
29,LASSO,0.1,0.8142552498781918,0.12166812787704348,-0.192500498829477,0.22728127724228323,-0.020111238653167943,-0.030294393061220972,-0.7548968100221078,-0.6926055286844593
29,Huber,0.1,0.9217932753475896,0.09810166854538155,-0.36609460273019157,0.4171709786270646,-0.0009805948729854584,-0.12017270293804404,-0.7486286510913214,-0.7443214585833053
0,OLS,0.2,0.864297662860194,0.11284221452614847,-0.3445212733482387,0.3834363620258315,0.010446611667918177,-0.050955796249865064,-0.9928748750996566,-0.9502480388302822
0,Ridge,0.2,0.8642416843213664,0.11293005872194246,-0.344302917379698,0.38316033172890257,0.010474581894030423,-0.05095992750791934,-0.9920318434959897,-0.9493948191968637
0,LASSO,0.2,0.8104896308814159,0.11324113749635466,-0.21399330488363907,0.25031754153318936,0.00017827736979916087,-0.03973138122225446,-0.889346614400959,-0.8383936804396633
0,Huber,0.2,0.9239768613956699,0.09643710310181197,-0.3732302826653254,0.4158492118758256,0.00806484025954283,-0.09020925050508148,-0.7813911605189009,-0.7720702890820743
1,OLS,0.2,0.8712059801045775,0.10971837953662757,-0.32119195964411074,0.3479428586899755,0.006822596723036456,-0.08110188449747883,-0.8254434130403758,-0.7797787704190975
1,Ridge,0.2,0.8711224723695197,0.1097880094821473,-0.32094962420475975,0.34766061057463005,0.006844988527746236,-0.0811018867341335,-0.8247750532490667,-0.7790983340071888
1,LASSO,0.2,0.8175046419686386,0.111251882679257,-0.1903598273477467,0.2148448154093751,0.0,-0.07015072559230304,-0.7210097612459987,-0.6672864888167168
1,Huber,0.2,0.917696393893388,0.09994733908222088,-0.355856756667199,0.3949737786597393,0.012210544524934345,-0.10524537215310358,-0.7422759831564641,-0.7406503156896855
2,OLS,0.2,0.8503793560444936,0.14131705886094392,-0.25483751008335875,0.332874812671079,0.008989193065407446,-0.050406011320164375,-0.8151733420706603,-0.8081931069735631
2,Ridge,0.2,0.8503166275104629,0.14138519844565398,-0.2546395980925974,0.33263000737622,0.009010821353790052,-0.050408358585251084,-0.8144833060942631,-0.8074925653539273
2,LASSO,0.2,0.796591222786252,0.14213304331288534,-0.12416348984101468,0.19973884928931657,0.0,-0.03928223621746921,-0.7113575398529254,-0.6961461995469577
2,Huber,0.2,0.919635726097734,0.10672824887852601,-0.3621458170930898,0.41825517691500425,0.008017924984338018,-0.07995481318289907,-0.7562949983349763,-0.7550366137066838
3,OLS,0.2,0.8740594309523172,0.12142980392531416,-0.31324242543721603,0.3534911570639264,-0.009884380861819099,-0.05589608147872464,-0.9982527424593802,-0.9587709114660684
3,Ridge,0.2,0.8740149163238379,0.12151785565398478,-0.313050917243284,0.35323910605573966,-0.009855161747978089,-0.05590032130616969,-0.9973958231976354,-0.9579054256645422
3,LASSO,0.2,0.8210527848148192,0.12849817688371373,-0.18123886958423888,0.2207236690101973,-0.0,-0.046276823023819594,-0.8890145145653799,-0.8428084832215562
3,Huber,0.2,0.9128595729503837,0.11082061207413262,-0.33957074855495745,0.38712832678021847,0.006284138172304736,-0.11376751531538198,-0.7918841669977721,-0.7829700169856265
4,OLS,0.2,0.8190820680012454,0.12795300961718706,-0.30365778995909837,0.33946573779158257,0.015181442749744005,-0.03952264878111239,-1.0032540452630576,-0.9974136098173457
4,Ridge,0.2,0.8190548701274314,0.1280430126631122,-0.3034936153223913,0.33923593991404616,0.015209635373393341,-0.03952838391958455,-1.002365880127765,-0.9965174819828649
4,LASSO,0.2,0.7652823317577248,0.12835317466504556,-0.17314455360016867,0.20635833390247893,0.004913518550176724,-0.028298568937319107,-0.8997087991236076,-0.8855439419466944
4,Huber,0.2,0.916187348127709,0.10308436127720029,-0.36563107030055864,0.4194162565032302,0.010466375048120676,-0.042208439959766704,-0.7820701738978639,-0.7846828086182058
5,OLS,0.2,0.8660390571723624,0.13262763691891097,-0.31602034282497593,0.36446817836017464,-0.007681390049264476,-0.03870786344633594,-0.8611896587606404,-0.8517951399712563
5,Ridge,0.2,0.8659661305411305,0.13270189467688717,-0.3157899136720699,0.36419116154199105,-0.007656620265786465,-0.03871123489051115,-0.8604651188629782,-0.851058418939159
5,LASSO,0.2,0.8129113796542448,0.1389615287718647,-0.18412012811884884,0.23161826051146348,-0.0,-0.02891185141454681,-0.7526512013987225,-0.7363503496239142
5,Huber,0.2,0.9197441348842436,0.10995525336338795,-0.364602382850271,0.41520998539390364,0.0018833709731911246,-0.0422528337888501,-0.7497526779362935,-0.7496816125786866
6,OLS,0.2,0.8681358326908011,0.1064764290419686,-0.361615702359139,0.4151191542815341,0.032473507419612545,-0.049056256244125,-0.9696307519196178,-0.92522875416163
6,Ridge,0.2,0.8680650437686257,0.10656175535993648,-0.36136895264828456,0.4148188681444189,0.03249935628177545,-0.049059819153407104,-0.968819761827164,-0.9244057414032676
6,LASSO,0.2,0.8143328458522288,0.10687664929477228,-0.2310958289868851,0.2820062264009372,0.022205632457148797,-0.037832094408585704,-0.8660882993280917,-0.8133614365688223
6,Huber,0.2,0.9091414497192036,0.10206192761809552,-0.3566227213418457,0.41181056836545077,0.008990927600827302,-0.21030582498660202,-0.7757383833968009,-0.7711293043301732
7,OLS,0.2,0.9014613750594332,0.13147140111961306,-0.377623128696083,0.4153782653280062,0.035253042396195665,-0.06847938732480523,-0.8965572279201104,-0.8715898344359648
7,Ridge,0.2,0.9013676618330992,0.13154764072347153,-0.37734368291289344,0.41505476072216463,0.03527584512612306,-0.06848047843008781,-0.8958224786112223,-0.870840230579809
7,LASSO,0.2,0.8476223039378402,0.13186484987512823,-0.24704135788445475,0.2822183317026036,0.02498285335067901,-0.05725364288305098,-0.7930984126198303,-0.7597983250221082
7,Huber,0.2,0.9247445692854882,0.10389498349434219,-0.382427465856748,0.4220814300583645,0.011734090300093687,-0.18843976243999733,-0.7608355623678863,-0.7578925288587903
8,OLS,0.2,0.848140380182239,0.12042675565212198,-0.21272479269735126,0.25929890172628395,0.020394886776746304,-0.057493549910564906,-0.8408300149946111,-0.8180889085226644
8,Ridge,0.2,0.8481034536909555,0.12049775716937591,-0.212582151483219,0.2591038987352624,0.020416684088086487,-0.05749624816559275,-0.8401058904223128,-0.8173579907325281
8,LASSO,0.2,0.7942855705895651,0.12081633731889888,-0.08211748215277481,0.1261202373104786,0.010123334482728313,-0.046267032003471445,-0.7374141901689505,-0.7063366149939897
8,Huber,0.2,0.9154947036644356,0.1003439394178614,-0.3452376111589186,0.3733921992051985,0.005510524456390235,-0.1262818834563569,-0.7494184999448825,-0.746240081273053
9,OLS,0.2,0.8644415738718042,0.07676615564209514,-0.3250095802177789,0.3795430041962592,-0.011964905037545872,-0.04447867578956035,-1.043149664564954,-1.0158459241801527
9,Ridge,0.2,0.8644034016741472,0.07686334683267348,-0.32481797030519205,0.3792859347932632,-0.011932738807230035,-0.04448441922161548,-1.0422391088638172,-1.0149265525525357
9,LASSO,0.2,0.8115375408722361,0.08452652779217945,-0.19288776848881714,0.24683749206977748,-0.0,-0.03502591061663238,-0.933275258061782,-0.8994169572176608
9,Huber,0.2,0.9216995013925384,0.09848296939327622,-0.36983793927303427,0.4152112366006047,0.006846511261183813,-0.1933675807342323,-0.7755210516196834,-0.7677647904583095
10,OLS,0.2,0.8195945350478033,0.13258805110520205,-0.24580398929014785,0.3131655769319595,0.02906034189099582,-0.04174471583130343,-0.8803738763685112,-0.857930149726855
10,Ridge,0.2,0.8195546418311578,0.132662867844667,-0.24564115329786576,0.31294744473704733,0.029082860795373144,-0.04174863868721792,-0.8796149038738776,-0.8571633581975251
10,LASSO,0.2,0.7657379954475757,0.1329774553324985,-0.11519347634684943,0.17998437351661734,0.018788735680237582,-0.030518135453719127,-0.7769610122721871,-0.7461804995536523
10,Huber,0.2,0.9103705780852431,0.10926496942243609,-0.33436323116080097,0.4014305863460474,0.009709578137952516,-0.04133446009800918,-0.7605256102764502,-0.7596333863807762
11,OLS,0.2,0.8642462998088662,0.16538770732611738,-0.25558541003410484,0.31109299264793855,0.06196635407461669,-0.043449166487290795,-0.8510156786972295,-0.8124132181194313
11,Ridge,0.2,0.864189281046719,0.16545480307529278,-0.255399635569186,0.31085794041233666,0.06198457987217861,-0.04345190570804896,-0.850305414582298,-0.8116939283455362
11,LASSO,0.2,0.810425701713488,0.16578420124630963,-0.12503599931551107,0.17795794019538094,0.05169718643794715,-0.032224193869242065,-0.7475170495750167,-0.7005857369347054
11,Huber,0.2,0.9271236554477895,0.11158920590121195,-0.370560853631744,0.4074806850458504,0.012022805732798316,-0.042836336141226464,-0.7476148800870223,-0.7448261971674891
12,OLS,0.2,0.8686264748682153,0.1308878758350769,-0.2824856539673473,0.35343110474751727,0.007488354350532113,-0.04356722721312668,-0.8171383185301984,-0.8019310167837032
12,Ridge,0.2,0.8685515176431463,0.13095659504997134,-0.2822620173424014,0.3531636059362549,0.007510377263220658,-0.04356971440380562,-0.8164582020341729,-0.8012390784469196
12,LASSO,0.2,0.8149128304669845,0.13220333734131154,-0.15172675549702344,0.2203399856058301,0.0,-0.032563589181834045,-0.712860787934206,-0.6895449446169496
12,Huber,0.2,0.9184796768229032,0.10576429822786292,-0.3434782994799606,0.4180821080201847,0.010506042879998935,-0.042621960320331415,-0.7647505258270746,-0.7639086354210003
13,OLS,0.2,0.8145403130164295,0.12049233888884466,-0.21610239281641902,0.26742540636160766,-0.00825401218660202,-0.025695827346789723,-0.9277480359939745,-0.9196209034607514
13,Ridge,0.2,0.8145273588616655,0.12057466463460319,-0.21598818675426465,0.26724746605586186,-0.008226865426827932,-0.02570213413511657,-0.9269198541139902,-0.9187877067172108
13,LASSO,0.2,0.7614534712843019,0.12701817325782908,-0.08419241749984199,0.13461031078292066,-0.0,-0.01594608623235161,-0.8190103251829971,-0.8040259727706472
13,Huber,0.2,0.90451765083794,0.10444441498398055,-0.33368215947910823,0.3783602397784235,0.006592964857961435,-0.04131648508092109,-0.7657242285741153,-0.7594256759479688
14,OLS,0.2,0.8047678992436373,0.13350860369849674,-0.2620616041548217,0.32842146153336316,-0.0009395520108152746,-0.04603945293528792,-0.9981526626183016,-0.9810372602655312
14,Ridge,0.2,0.804750928446012,0.13359726497371735,-0.2619217404338013,0.32821353368604855,-0.0009109003598744916,-0.046045008461323915,-0.9972665568739192,-0.9801451106819564
14,LASSO,0.2,0.7513987071674328,0.13761476853927923,-0.13070216291896278,0.19549018028446044,0.0,-0.03570743702082908,-0.8914685528533034,-0.8669163213788311
14,Huber,0.2,0.8989135381709636,0.1023808246160795,-0.35003651330306323,0.4083409203692191,0.0076468208375355525,-0.05019298510453964,-0.7876302825257725,-0.7864487455913051
15,OLS,0.2,0.8706354346430775,0.08939751076488728,-0.3843261976597855,0.403408508712094,-0.025959277522515787,-0.0683253697426725,-0.9956377953344498,-0.939534669591703
15,Ridge,0.2,0.8705664624163618,0.08948763842598145,-0.3840781356764556,0.40310688155878754,-0.025928302577624903,-0.06832836662122947,-0.9948058004128917,-0.9386912753049881
15,LASSO,0.2,0.817739288383567,0.09731149517533672,-0.25215027502003445,0.27069531245469786,-0.013530144934313105,-0.05890924424654691,-0.8856490441081036,-0.8230262897547179
15,Huber,0.2,0.9203743351977351,0.10214256269316212,-0.3821669249199557,0.4071650255897341,0.009105696777916165,-0.08417012396806865,-0.7817437178650128,-0.7741855080316312
16,OLS,0.2,0.8839699763930832,0.12535315613714307,-0.364220543331583,0.40838282892663547,0.01835322699771089,-0.06660276538633146,-0.8036758499465695,-0.7606852172251555
16,Ridge,0.2,0.8838606641143748,0.1254193910352181,-0.36392517932352886,0.4080535514646289,0.01837397214453892,-0.06660272977272667,-0.8030443714646125,-0.7600383227973853
16,LASSO,0.2,0.8301227906188896,0.12574563717977524,-0.23362396759559112,0.2752112485850548,0.008082732589962286,-0.05537671559255193,-0.700231887203262,-0.6489070183759196
16,Huber,0.2,0.9172348119597087,0.10916799565290597,-0.35991947716880535,0.4112253043149359,0.014796342959050406,-0.17957140743357025,-0.7436612463382821,-0.7336013954048217
17,OLS,0.2,0.8111326769870946,0.0875705604101825,-0.24383167998397667,0.2991509789641937,-0.029236061734874492,-0.05614707885159309,-1.0299645099806356,-0.9875651189109234
17,Ridge,0.2,0.8111284629049393,0.08766508840635526,-0.24371629868733513,0.29896443554974556,-0.02920384152217299,-0.056152801220695214,-1.0290495326498525,-0.986646480319584
17,LASSO,0.2,0.7582436155960538,0.09548510526550344,-0.11166913721008402,0.16644850285628848,-0.016806772735320802,-0.046731194053434254,-0.9199648183497838,-0.8710470329361245
17,Huber,0.2,0.905697509496923,0.10196310134602915,-0.33308956287704117,0.3791105063537031,6.55285338095962e-05,-0.08588473806268182,-0.7953671015770345,-0.7879094761174701
18,OLS,0.2,0.8750607669128326,0.1441190538630647,-0.3015835535520141,0.34148930042878045,0.007649238358872617,-0.050630984929931615,-0.7586612855851187,-0.7194546780519261
18,Ridge,0.2,0.8749674278154808,0.14417918872635566,-0.30133469281649505,0.3412061916513905,0.007668713905809958,-0.05063187425216153,-0.7580594965317354,-0.7188400887828258
18,LASSO,0.2,0.8213197787228242,0.14537800987291366,-0.170799952217381,0.20836760722009573,0.0,-0.039613733112245246,-0.6544760322012224,-0.6071437246485665
18,Huber,0.2,0.9317994983546564,0.11554609917391909,-0.3656019009848688,0.4111574245790002,0.0036059678385665477,-0.05506258233661879,-0.7422247730614161,-0.7408724794090543
19,OLS,0.2,0.8144013073849982,0.11268119863586527,-0.2619292124923299,0.29369763950784755,0.043050881674759615,-0.03233696472701591,-0.9206625011585204,-0.9063265022242459
19,Ridge,0.2,0.8143722455964643,0.11276213834573777,-0.2617799376039118,0.2934891086851,0.04307452183950941,-0.032342138118087636,-0.9198553966458318,-0.9055121414147128
19,LASSO,0.2,0.7605753165378617,0.11307629740143404,-0.1313711624681062,0.1605563048970786,0.03278121976551634,-0.021111720698876832,-0.8171791022532016,-0.7945129302895396
19,Huber,0.2,0.9039900725518887,0.10050183276641296,-0.34454696239197924,0.38553873646917786,0.01132886986251519,-0.040884598769622076,-0.7776083167430321,-0.7718068677504138
20,OLS,0.2,0.857841134211048,0.11655293337198948,-0.2090177624559859,0.24148616373022325,-0.005576429293197721,0.05303905047483519,-0.8568116168879311,-0.8283102087096098
20,Ridge,0.2,0.8578100679451778,0.1166264346613189,-0.20888622953150549,0.24130083683650005,-0.005551724759794763,0.05302919296447649,-0.8560705973043223,-0.8275634646268023
20,LASSO,0.2,0.8060159080083517,0.12270838194171277,-0.07901684342654604,0.10989273665905297,-0.0,0.04295151478517409,-0.7467116364269539,-0.7113078644522113
20,Huber,0.2,0.9223345505803862,0.09903232852454222,-0.3547819795555667,0.3927986719331326,0.00769996177454784,-0.081700423013703,-0.7572023062682934,-0.7562939627725527
21,OLS,0.2,0.8486160486563082,0.11757734823697084,-0.27825443714256276,0.33377502513022406,-0.03676441647931742,-0.0616457981175904,-0.849306372089289,-0.8282726901255248
21,Ridge,0.2,0.8485551057640153,0.11765133969451483,-0.27805275029722204,0.3335254955126007,-0.036738098974043426,-0.061648094478051245,-0.8485884857006317,-0.8275448132119521
21,LASSO,0.2,0.7956591452368802,0.12547942426657346,-0.1459751027112121,0.20098366515001606,-0.02433937658664642,-0.05222696174482748,-0.7394620577766375,-0.7118953652579111
21,Huber,0.2,0.9025314388273542,0.10191787913794126,-0.33173832319712193,0.38870848576434147,-0.001787895837470648,-0.07129831299526976,-0.7649301758954243,-0.7637594339911463
22,OLS,0.2,0.8960312340517591,0.09021274563550347,-0.3396908813167742,0.3569132199832627,-0.01794167770659853,-0.06292250429871951,-0.8570669067046699,-0.8308813157814959
22,Ridge,0.2,0.8959479650708534,0.09028875785407807,-0.33944230238253637,0.3566225278072339,-0.017915696054022778,-0.06292419950592408,-0.8563596640000253,-0.830161202030419
22,LASSO,0.2,0.8430897092156151,0.0981180026300943,-0.20743745600457794,0.22414132116417967,-0.005515537283554224,-0.05350436927729734,-0.7471848446340611,-0.7144696960192
22,Huber,0.2,0.9218837898747941,0.09923420615298806,-0.37380445490042535,0.414051061493335,0.0030825715047868517,-0.072239218319057,-0.7558495555579735,-0.7508576953416897
23,OLS,0.2,0.8775762549484788,0.14214905958476115,-0.3369163350573916,0.36655447173616973,0.031173430864906898,-0.04650755985797804,-0.9414615257191973,-0.9127812065340826
23,Ridge,0.2,0.8775124052205008,0.14222926507569394,-0.33669321154954307,0.3662783233543853,0.03119775646088422,-0.04651112138156327,-0.9406670603045514,-0.911975577907765
23,LASSO,0.2,0.8237530553659389,0.14254508456151918,-0.20636243115914518,0.23341599310662065,0.020904103850808813,-0.035282474894910765,-0.8379687892440801,-0.8009590611389659
23,Huber,0.2,0.9202758258083047,0.11030900776232633,-0.36432070451804166,0.39811365480126093,0.008459124931330766,-0.04262357692980693,-0.7667857517918871,-0.764599549721173
24,OLS,0.2,0.8642536018846425,0.1351171157373612,-0.3224131664522846,0.36176476861671636,-0.039499279505324905,-0.04265969919521597,-0.8745701213663383,-0.8602517395917408
24,Ridge,0.2,0.8641825969334647,0.13519312515404477,-0.3221841210376002,0.36148850017123435,-0.039471982650186976,-0.042663148940988986,-0.8738338557809345,-0.8595037471176638
24,LASSO,0.2,0.8113306183984385,0.1430258930589791,-0.19019148094333857,0.22901694368734593,-0.027071934182812195,-0.03324238109573871,-0.7646447920966987,-0.7438008916069441
24,Huber,0.2,0.9221139832669156,0.10848119670970835,-0.36897307540434326,0.42239129652131285,0.005903482471945428,-0.09510826494399509,-0.7657524481348049,-0.7654422351870672
25,OLS,0.2,0.7645619268446676,0.09496180928113064,-0.20889322829423174,0.22409477566800792,0.0003807985293899582,-0.03701797513696995,-0.9840100132549956,-0.9293860112966761
25,Ridge,0.2,0.7645734231716644,0.09504982084249043,-0.20881986641761052,0.223951678346916,0.0004092510810220751,-0.037024570138123006,-0.9831332464499626,-0.9285082158782407
25,LASSO,0.2,0.711158334194402,0.09863363899633379,-0.07766225577240898,0.09116477798054756,0.0,-0.026581474454828474,-0.8776607441986759,-0.8154986875023869
25,Huber,0.2,0.9006919907636087,0.10184377303785157,-0.3334319764754228,0.37259119181036054,0.005881266833870127,-0.04098914938631742,-0.7827891959694099,-0.7733737991974691
26,OLS,0.2,0.8443712127125952,0.07591498683587387,-0.3092186132593497,0.3336563010833603,-0.017490190230309014,-0.047387475201977995,-0.9800887215822447,-0.9592599493993756
26,Ridge,0.2,0.844334012489259,0.07600602473130849,-0.30903996225846597,0.33341719898933936,-0.017459629445032935,-0.047392515967337144,-0.9792330358618393,-0.9583958653413763
26,LASSO,0.2,0.791448452797389,0.0838233063214856,-0.17699810848116745,0.20090973627814745,-0.0050630241871989865,-0.03797012139608836,-0.8701664360256749,-0.8428119967834506
26,Huber,0.2,0.9146286597862533,0.10089570435554619,-0.3556796237615192,0.4007382830399969,0.010255448558245563,-0.15257626993043436,-0.7898828505868253,-0.7845049666131076
27,OLS,0.2,0.8470349327812249,0.1453069260893406,-0.2560538112932399,0.2954854486680034,-0.021257201204519592,-0.08680953332700904,-0.8688902442876262,-0.8368213391353051
27,Ridge,0.2,0.8469880435993545,0.14537974267618844,-0.25588270399013635,0.2952628104112316,-0.021232280566172403,-0.08681059344006375,-0.8681517018428955,-0.8360749419375866
27,LASSO,0.2,0.794097273260225,0.1532124948632617,-0.12380767608319808,0.1627193868146913,-0.00883097311721041,-0.07739153017176242,-0.759002170552536,-0.720404383460833
27,Huber,0.2,0.9195439079403778,0.10544541768538018,-0.36058599946856223,0.3993447677307522,0.002411147146600301,-0.10489390907990855,-0.7579006275259648,-0.7579416395548038
28,OLS,0.2,0.876923418894163,0.09704915948273735,-0.33256294625106725,0.3316826665741497,-0.03803980489277947,0.0031905673896367153,-0.8537719934640383,-0.819420133505175
28,Ridge,0.2,0.8768475745056084,0.09712469465569784,-0.33233007100604384,0.3314073520670678,-0.0380124145443711,0.0031846325897116976,-0.8530661490587014,-0.8187027805175211
28,LASSO,0.2,0.8248852987699811,0.10565068048663795,-0.20130397054678265,0.19972809864969795,-0.02448505661333144,0.0,-0.742235966668224,-0.701549880304759
28,Huber,0.2,0.9198358304209093,0.09850720634436308,-0.3669937109501854,0.4047751775122771,-0.000202673988045546,-0.05713857811806412,-0.7574474364270021,-0.7574622070231858
29,OLS,0.2,0.8608681549465637,0.13833293191089843,-0.3081695180845907,0.3778586505803143,0.002829902108564877,-0.02633880206190886,-0.8641585024284507,-0.8576453311870136
29,Ridge,0.2,0.8607962247123893,0.13840706685707194,-0.30793989020371587,0.3775810685686819,0.002853985565533111,-0.026342925405533707,-0.8634291573792671,-0.8569037592287722
29,LASSO,0.2,0.8073257667872055,0.14118799914187707,-0.17704526440537038,0.24483041326923613,0.0,-0.015705670080731947,-0.7585930622888718,-0.7443386579245147
29,Huber,0.2,0.9082434169796348,0.10828655925462431,-0.3414002491997107,0.4042339089702976,0.007619359753215676,-0.04173909007137188,-0.7546516306597895,-0.7572101639845811
